Sector,Communities
SOUTH,FISH CREEK PARK
SOUTH,LEGACY
SOUTH,WOODBINE
SOUTH,KELVIN GROVE
SOUTH,LAKE BONAVISTA
SOUTH,WOODLANDS
SOUTH,BELMONT
SOUTH,EAST FAIRVIEW INDUSTRIAL
SOUTH,DIAMOND COVE
SOUTH,MIDNAPORE
SOUTH,PALLISER
SOUTH,13F
SOUTH,MAPLE RIDGE
SOUTH,SOUTHWOOD
SOUTH,CEDARBRAE
SOUTH,SILVERADO
SOUTH,GLENDEER BUSINESS PARK
SOUTH,WALDEN
SOUTH,CANYON MEADOWS
SOUTH,FAIRVIEW INDUSTRIAL
SOUTH,DEER RUN
SOUTH,FAIRVIEW
SOUTH,PARKLAND
SOUTH,SHAWNEE SLOPES
SOUTH,BRIDLEWOOD
SOUTH,ACADIA
SOUTH,13M
SOUTH,PINE CREEK
SOUTH,CHAPARRAL
SOUTH,SHAWNESSY
SOUTH,WOLF WILLOW
SOUTH,13H
SOUTH,MILLRISE
SOUTH,QUEENSLAND
SOUTH,SOMERSET
SOUTH,ALPINE PARK
SOUTH,SUNDANCE
SOUTH,13I
SOUTH,YORKVILLE
SOUTH,13J
SOUTH,13L
SOUTH,13A
SOUTH,KINGSLAND
SOUTH,BONAVISTA DOWNS
SOUTH,BRAESIDE
SOUTH,13E
SOUTH,GLENMORE PARK
SOUTH,WILLOW PARK
SOUTH,OAKRIDGE
SOUTH,13C
SOUTH,CHINOOK PARK
SOUTH,EAGLE RIDGE
SOUTH,DEER RIDGE
SOUTH,13G
SOUTH,PUMP HILL
SOUTH,HAYSBORO
SOUTH,BAYVIEW
SOUTH,EVERGREEN
SOUTHEAST,EAST SHEPARD INDUSTRIAL
SOUTHEAST,12K
SOUTHEAST,AUBURN BAY
SOUTHEAST,12B
SOUTHEAST,COPPERFIELD
SOUTHEAST,12I
SOUTHEAST,SHEPARD INDUSTRIAL
SOUTHEAST,MCKENZIE LAKE
SOUTHEAST,CRANSTON
SOUTHEAST,SETON
SOUTHEAST,MAHOGANY
SOUTHEAST,RANGEVIEW
SOUTHEAST,DOUGLASDALE/GLEN
SOUTHEAST,12A
SOUTHEAST,HOTCHKISS
SOUTHEAST,SOUTH FOOTHILLS
SOUTHEAST,12J
SOUTHEAST,12L
SOUTHEAST,12C
SOUTHEAST,MCKENZIE TOWNE
SOUTHEAST,OGDEN
SOUTHEAST,SECTION 23
SOUTHEAST,NEW BRIGHTON
SOUTHEAST,RIVERBEND
WEST,SPRINGBANK HILL
WEST,WILDWOOD
WEST,ASPEN WOODS
WEST,COUGAR RIDGE
WEST,SPRUCE CLIFF
WEST,STRATHCONA PARK
WEST,01I
WEST,CANADA OLYMPIC PARK
WEST,ROSSCARROCK
WEST,CURRIE BARRACKS
WEST,CRESTMONT
WEST,06A
WEST,VALLEY RIDGE
WEST,GLENBROOK
WEST,SIGNAL HILL
WEST,GARRISON GREEN
WEST,NORTH GLENMORE PARK
WEST,CHRISTIE PARK
WEST,RUTLAND PARK
WEST,COACH HILL
WEST,06C
WEST,WESTGATE
WEST,GLENDALE
WEST,01C
WEST,DISCOVERY RIDGE
WEST,GLAMORGAN
WEST,06B
WEST,WEST SPRINGS
WEST,LAKEVIEW
WEST,MEDICINE HILL
WEST,PATTERSON
WEST,LINCOLN PARK
WEST,01H
NORTHEAST,CALGARY INTERNATIONAL AIRPORT
NORTHEAST,CORNERSTONE
NORTHEAST,TEMPLE
NORTHEAST,STONEY 2
NORTHEAST,WESTWINDS
NORTHEAST,WHITEHORN
NORTHEAST,MARLBOROUGH PARK
NORTHEAST,ABBEYDALE
NORTHEAST,MCCALL
NORTHEAST,TARADALE
NORTHEAST,REDSTONE
NORTHEAST,FALCONRIDGE
NORTHEAST,MERIDIAN
NORTHEAST,SKYVIEW RANCH
NORTHEAST,CASTLERIDGE
NORTHEAST,SADDLE RIDGE INDUSTRIAL
NORTHEAST,SADDLE RIDGE
NORTHEAST,MARLBOROUGH
NORTHEAST,PINERIDGE
NORTHEAST,MAYLAND
NORTHEAST,CITYSCAPE
NORTHEAST,MAYLAND HEIGHTS
NORTHEAST,HORIZON
NORTHEAST,RUNDLE
NORTHEAST,SOUTH AIRWAYS
NORTHEAST,PEGASUS
NORTHEAST,05F
NORTHEAST,HOMESTEAD
NORTHEAST,10E
NORTHEAST,05D
NORTHEAST,MARTINDALE
NORTHEAST,VISTA HEIGHTS
NORTHEAST,STONEY 3
NORTHEAST,05E
NORTHEAST,10D
NORTHEAST,STONEY 4
NORTHEAST,05G
NORTHEAST,DEERFOOT BUSINESS CENTRE
NORTHEAST,NORTH AIRWAYS
NORTHEAST,SKYLINE EAST
NORTHEAST,MONTEREY PARK
NORTHEAST,CORAL SPRINGS
NORTHEAST,SUNRIDGE
NORTHEAST,FRANKLIN
NORTHEAST,STONEGATE LANDING
NORTHWEST,NOSE HILL PARK
NORTHWEST,MONTGOMERY
NORTHWEST,UNIVERSITY HEIGHTS
NORTHWEST,BOWNESS
NORTHWEST,UNIVERSITY OF CALGARY
NORTHWEST,EDGEMONT
NORTHWEST,GREENWOOD/GREENBRIAR
NORTHWEST,VARSITY
NORTHWEST,BRENTWOOD
NORTHWEST,DALHOUSIE
NORTHWEST,UNIVERSITY DISTRICT
NORTHWEST,HASKAYNE
NORTHWEST,01K
NORTHWEST,ROYAL OAK
NORTHWEST,02F
NORTHWEST,ROYAL VISTA
NORTHWEST,SCENIC ACRES
NORTHWEST,HAWKWOOD
NORTHWEST,ROCKY RIDGE
NORTHWEST,RANCHLANDS
NORTHWEST,RANCHLANDS
NORTHWEST,ARBOUR LAKE
NORTHWEST,TUSCANY
NORTHWEST,SILVER SPRINGS
NORTHWEST,01F
NORTHWEST,02E
NORTHWEST,HAMPTONS
NORTHWEST,01B
NORTHWEST,COLLINGWOOD
NORTHWEST,CHARLESWOOD
NORTHWEST,CITADEL
CENTRE,MANCHESTER INDUSTRIAL
CENTRE,HIGHLAND PARK
CENTRE,BANKVIEW
CENTRE,SHAGANAPPI
CENTRE,ELBOYA
CENTRE,SUNALTA
CENTRE,GARRISON WOODS
CENTRE,RICHMOND
CENTRE,POINT MCKAY
CENTRE,INGLEWOOD
CENTRE,BRIDGELAND/RIVERSIDE
CENTRE,BURNS INDUSTRIAL
CENTRE,KILLARNEY/GLENGARRY
CENTRE,HIGHFIELD
CENTRE,CRESCENT HEIGHTS
CENTRE,SUNNYSIDE
CENTRE,ROSEMONT
CENTRE,BRITANNIA
CENTRE,DOWNTOWN WEST END
CENTRE,SCARBORO
CENTRE,GREENVIEW INDUSTRIAL PARK
CENTRE,EAU CLAIRE
CENTRE,ELBOW PARK
CENTRE,RAMSAY
CENTRE,RENFREW
CENTRE,DOWNTOWN EAST VILLAGE
CENTRE,ROSEDALE
CENTRE,HILLHURST
CENTRE,ALTADORE
CENTRE,ST. ANDREWS HEIGHTS
CENTRE,UPPER MOUNT ROYAL
CENTRE,MOUNT PLEASANT
CENTRE,PARKDALE
CENTRE,GREENVIEW
CENTRE,WINSTON HEIGHTS/MOUNTVIEW
CENTRE,PARKHILL
CENTRE,CAMBRIAN HEIGHTS
CENTRE,SCARBORO/ SUNALTA WEST
CENTRE,LOWER MOUNT ROYAL
CENTRE,ROXBORO
CENTRE,09D
CENTRE,WINDSOR PARK
CENTRE,MEADOWLARK PARK
CENTRE,CHINATOWN
CENTRE,ERLTON
CENTRE,ALYTH/BONNYBROOK
CENTRE,DOWNTOWN COMMERCIAL CORE
CENTRE,MANCHESTER
CENTRE,HIGHWOOD
CENTRE,HOUNSFIELD HEIGHTS/BRIAR HILL
CENTRE,SOUTH CALGARY
CENTRE,MAYFAIR
CENTRE,BANFF TRAIL
CENTRE,QUEENS PARK VILLAGE
CENTRE,WEST HILLHURST
CENTRE,CLIFF BUNGALOW
CENTRE,TUXEDO PARK
CENTRE,MISSION
CENTRE,BELTLINE
CENTRE,BEL-AIRE
CENTRE,RIDEAU PARK
CENTRE,CAPITOL HILL
EAST,09Q
EAST,ALBERT PARK/RADISSON HEIGHTS
EAST,GREAT PLAINS
EAST,RED CARPET
EAST,PENBROOKE MEADOWS
EAST,09K
EAST,GOLDEN TRIANGLE
EAST,DOVER
EAST,ERIN WOODS
EAST,OGDEN SHOPS
EAST,FOOTHILLS
EAST,EASTFIELD
EAST,FOREST HEIGHTS
EAST,SOUTHVIEW
EAST,FOREST LAWN INDUSTRIAL
EAST,STARFIELD
EAST,BELVEDERE
EAST,TWINHILLS
EAST,09H
EAST,09P
EAST,APPLEWOOD PARK
EAST,09O
EAST,VALLEYFIELD
EAST,FOREST LAWN
NORTH,03W
NORTH,THORNCLIFFE
NORTH,HUNTINGTON HILLS
NORTH,NORTH HAVEN
NORTH,COUNTRY HILLS
NORTH,MACEWAN GLEN
NORTH,STONEY 1
NORTH,LIVINGSTON
NORTH,CARRINGTON
NORTH,SHERWOOD
NORTH,AMBLETON
NORTH,NORTH HAVEN UPPER
NORTH,SKYLINE WEST
NORTH,KINCORA
NORTH,02B
NORTH,NOLAN HILL
NORTH,HARVEST HILLS
NORTH,LEWISBURG
NORTH,02L
NORTH,KEYSTONE HILLS
NORTH,COVENTRY HILLS
NORTH,02K
NORTH,SYMONS VALLEY RANCH
NORTH,GLACIER RIDGE
NORTH,02C
NORTH,SAGE HILL
NORTH,BEDDINGTON HEIGHTS
NORTH,SANDSTONE VALLEY
NORTH,AURORA BUSINESS PARK
NORTH,EVANSTON
NORTH,PANORAMA HILLS
NORTH,COUNTRY HILLS VILLAGE
NORTH,HIDDEN VALLEY
NORTHWEST,RESIDUAL WARD 1
NORTHWEST,RESIDUAL WARD 2
NORTH,RESIDUAL WARD 3
NORTHWEST,RESIDUAL WARD 4
NORTHEAST,RESIDUAL WARD 5
WEST,RESIDUAL WARD 6
EAST,RESIDUAL WARD 9
NORTHEAST,RESIDUAL WARD 10
SOUTHEAST,RESIDUAL WARD 12
SOUTH,RESIDUAL WARD 13
SOUTH,RESIDUAL WARD 14
CENTRE,RESIDUAL WARD 7
CENTRE,RESIDUAL WARD 8
SOUTH,RESIDUAL WARD 11
